first_name,last_name,subject,first_sequence,second_sequence
BUBA,DESTINY,CONSTRUCTION PROCESS,06,8.5
IHIMBRU,PROSPER,CONSTRUCTION PROCESS,02,10
KUDI,PEPSON KANYIMI,CONSTRUCTION PROCESS,04,6.5
OTEH,MEKHIYELEK,CONSTRUCTION PROCESS,16.5,13
TCHEMU,CLAUDIA,CONSTRUCTION PROCESS,04,7.5
TIKU,BONZIL,CONSTRUCTION PROCESS,12,15
NDIFON,RENE,CONSTRUCTION PROCESS,0,17
NGALA,ABDOU AKIMOU,CONSTRUCTION PROCESS,0,15



first_name,last_name,subject,first_sequence,second_sequence
IHIMBRU,BLAISE,CONSTRUCTION PROCESSES,04,0
KUDI,CONILIUS,CONSTRUCTION PROCESSES,03,0

ONGUMO,ROSTAND,CONSTRUCTION PROCESSES,05,13.5
KUMSONG,ERIC,CONSTRUCTION PROCESSES,06,0
JETNA,MARC FIDEL,CONSTRUCTION PROCESSES,08,16



first_name,last_name,subject,first_sequence,second_sequence
Lionel,Bekindaku,Construction process and Building practice (CPB),13,11.75
Chi,Kane Blaise,Construction process and Building practice (CPB),13,16
Marcel,Kana,Construction process and Building practice (CPB),8,12.5
Michael,Leongo,Construction process and Building practice (CPB),17.25,12.5
Marius, Akikea, Construction process and Building practice (CPB), 11.75,14.25
Meh Desmond,Chu,Construction process and Building practice (CPB),14,12.25

Justice,Njabi,Construction process and Building practice (CPB),12.25,14
Zaina,Albideen,Construction process and Building practice (CPB),17,16

first_name,last_name,subject,first_sequence,second_sequence
Stephane,Dajo mbolo,Construction process and Building practice (CPB),10,10.5
Mark,Yetna Fidel,Construction process and Building practice (CPB),10.5,17
Prophet,Njabi,Construction process and Building practice (CPB),8.5,15.5



first_name,last_name,subject,first_sequence,second_sequence
Fidel,Ntikethian,Food and Nutrition,14,8.5
Massamba,Lizette,Food and Nutrition,8.5,12.5
Ngang,Blessing,Food and Nutrition,10,12
Abarh,Faith,Food and Nutrition,9.5,6
Kum,Madiam,Food and Nutrition,13,13
Senfeh,Tecy,Food and Nutrition,11.5,15.5
Tchemi,victorine,Food and Nutrition,11,6



Ane,Endurance,Food and Nutrition,11.5,9.5
Mantho,Queesmeder,Food and Nutrition,12,12
Messa,Brenda,Food and Nutrition,10.5,8.5
Saka,Dilani,Food and Nutrition,12.5,12
Megha,Blessing,Food and Nutrition,13.5,11
Njobe,Genevin,Food and Nutrition,16,15.5

first_name,last_name,subject,first_sequence,second_sequence
Giyo,Freedom, Food and Nutrition, 13, 6
Ndi, Docas, Food and Nutrition, 11.5, 13
Nweso, Jennifer, Food and Nutrition, 10, 12
Funwa, Lindiwin, Food and Nutrition,12, 14.5
Kum Rita, Food and Nutrition, 12, 13
Ngo Mateck Veronique, Food and Nutrition, 12, 13
Mobele, Gift, Food and Nutrition, 11, 15
Ngwayi, Queenette, Food and Nutrition, 7.5, 3
Uku, Favour, Food and Nutrition, 12, 12    
Ongushi, Hariette, Food and Nutrition, 15, 12
Zoh, Rachael, Food and Nutrition, 16.5, 13



name,Construction process and Building practice (CPB),first_sequence,second_sequence
SHEY RANSOME,Construction process and Building practice (CPB),13,14
NDABOSEH SCRIPTURE,Construction process and Building practice (CPB),19,12.5
DOUNLA Kanouo,Construction process and Building practice (CPB),13,12.5
IHIMIMBRU FAVOUR,Construction process and Building practice (CPB),12.5,14.5
NDIBNO PRINCE JOY,Construction process and Building practice (CPB),10.5,12
TALLA NGUEFACK,Construction process and Building practice (CPB),9.5,12
BACHE GODWILL,Construction process and Building practice (CPB),13.5,12
IHIMBRU GODWILL,Construction process and Building practice (CPB),13,12
WONUNO DENIS,Construction process and Building practice (CPB),14,13
KUM GODWILL,Construction process and Building practice (CPB),09,14

SHEY DANIEL,Construction process and Building practice (CPB),9.5,10.5
IHIMBRU KENNETh,Construction process and Building practice (CPB),14,13
REPEH PRINCE,Construction process and Building practice (CPB),12,13

NWENSO JUNIOR,Construction process and Building practice (CPB),12,10.5

MEMKOH VICTORY,Construction process and Building practice (CPB),13.5,15

ANAGHE JOB,Construction process and Building practice (CPB),08,10.5
SOH PRINCE,Construction process and Building practice (CPB),12, 14.5
WEH WEH JUSLAINE,Construction process and Building practice (CPB),16.5,15.5
BACHE CONILIUS,Construction process and Building practice (CPB),12.5
BALA ROBENO,Construction process and Building practice (CPB),12.5,13.5
BACHE ELVIS,Construction process and Building practice (CPB),16.5,15
ONGUM PROSPER,Construction process and Building practice (CPB),10.5,11
EBAI RANSOME,Construction process and Building practice (CPB),11.5,14
GALEM IVO,Construction process and Building practice (CPB),12.5,14
TIKU DANIEL,Construction process and Building practice (CPB),13,13.5
ANNA SUCCESS,Construction process and Building practice (CPB),15.5,13.5
EBAi HANSOME,Construction process and Building practice (CPB),12.5,12
Dickson Tanya,Construction process and Building practice (CPB),16,15,

Tchemi CLAUDIA,Construction process and Building practice (CPB),14,11
Ngala Abdou,Construction process and Building practice (CPB),14.05,14.5
Ndifon Rene,Construction process and Building practice (CPB),14,16
Buba Destiny,Construction process and Building practice (CPB),13.5,11.75
Oteh Melchizedek,Construction process and Building practice (CPB),15,14
Kudi Pepson,Construction process and Building practice (CPB),13,10
Ihimbru Prosper,Construction process and Building practice (CPB), 11,10


